<?xml version="1.0" encoding="UTF-8" ?>
<!DOCTYPE ViewObject SYSTEM "jbo_03_01.dtd">
<!---->
<ViewObject
  xmlns="http://xmlns.oracle.com/bc4j"
  Name="EmployeesView"
  Version="11.1.1.62.29"
  InheritPersonalization="true"
  SelectList="Employees.EMPLOYEE_ID, 
       Employees.FIRST_NAME, 
       Employees.LAST_NAME, 
       Employees.EMAIL, 
       Employees.PHONE_NUMBER, 
       Employees.HIRE_DATE, 
       Employees.JOB_ID, 
       Employees.SALARY, 
       Employees.COMMISSION_PCT, 
       Employees.MANAGER_ID, 
       Employees.DEPARTMENT_ID, 
       Employees.PHOTO"
  FromList="EMPLOYEES Employees"
  BindingStyle="OracleName"
  CustomQuery="false"
  PageIterMode="Full"
  UseGlueCode="false">
  <DesignTime>
    <Attr Name="_codeGenFlag2" Value="Access|VarAccess"/>
  </DesignTime>
  <Variable
    Name="b_Fname"
    Kind="viewcriteria"
    Type="java.lang.String"/>
  <Variable
    Name="b_Lname"
    Kind="viewcriteria"
    Type="java.lang.String"/>
  <Variable
    Name="b_Email"
    Kind="viewcriteria"
    Type="java.lang.String"/>
  <EntityUsage
    Name="Employees"
    Entity="model.Employees"/>
  <ViewAttribute
    Name="EmployeeId"
    IsNotNull="true"
    PrecisionRule="true"
    EntityAttrName="EmployeeId"
    EntityUsage="Employees"
    AliasName="EMPLOYEE_ID"/>
  <ViewAttribute
    Name="FirstName"
    PrecisionRule="true"
    EntityAttrName="FirstName"
    EntityUsage="Employees"
    AliasName="FIRST_NAME"/>
  <ViewAttribute
    Name="LastName"
    IsNotNull="true"
    PrecisionRule="true"
    EntityAttrName="LastName"
    EntityUsage="Employees"
    AliasName="LAST_NAME"/>
  <ViewAttribute
    Name="Email"
    IsUnique="true"
    IsNotNull="true"
    PrecisionRule="true"
    EntityAttrName="Email"
    EntityUsage="Employees"
    AliasName="EMAIL"/>
  <ViewAttribute
    Name="PhoneNumber"
    PrecisionRule="true"
    EntityAttrName="PhoneNumber"
    EntityUsage="Employees"
    AliasName="PHONE_NUMBER"/>
  <ViewAttribute
    Name="HireDate"
    IsNotNull="true"
    PrecisionRule="true"
    EntityAttrName="HireDate"
    EntityUsage="Employees"
    AliasName="HIRE_DATE"/>
  <ViewAttribute
    Name="JobId"
    IsNotNull="true"
    PrecisionRule="true"
    EntityAttrName="JobId"
    EntityUsage="Employees"
    AliasName="JOB_ID"/>
  <ViewAttribute
    Name="Salary"
    PrecisionRule="true"
    EntityAttrName="Salary"
    EntityUsage="Employees"
    AliasName="SALARY"/>
  <ViewAttribute
    Name="CommissionPct"
    PrecisionRule="true"
    EntityAttrName="CommissionPct"
    EntityUsage="Employees"
    AliasName="COMMISSION_PCT"/>
  <ViewAttribute
    Name="ManagerId"
    PrecisionRule="true"
    EntityAttrName="ManagerId"
    EntityUsage="Employees"
    AliasName="MANAGER_ID"/>
  <ViewAttribute
    Name="DepartmentId"
    PrecisionRule="true"
    EntityAttrName="DepartmentId"
    EntityUsage="Employees"
    AliasName="DEPARTMENT_ID"/>
  <ViewAttribute
    Name="Photo"
    IsQueriable="false"
    PrecisionRule="true"
    EntityAttrName="Photo"
    EntityUsage="Employees"
    AliasName="PHOTO"/>
  <ViewCriteria
    Name="SearchEmp"
    ViewObjectName="model.EmployeesView"
    Conjunction="AND">
    <Properties>
      <CustomProperties>
        <Property
          Name="displayOperators"
          Value="InAdvancedMode"/>
        <Property
          Name="autoExecute"
          Value="false"/>
        <Property
          Name="allowConjunctionOverride"
          Value="true"/>
        <Property
          Name="showInList"
          Value="true"/>
        <Property
          Name="mode"
          Value="Basic"/>
      </CustomProperties>
    </Properties>
    <ViewCriteriaRow
      Name="vcrow7"
      UpperColumns="1">
      <ViewCriteriaItem
        Name="FirstName"
        ViewAttribute="FirstName"
        Operator="="
        Conjunction="AND"
        Value=":b_Fname"
        IsBindVarValue="true"
        Required="Optional"/>
      <ViewCriteriaItem
        Name="LastName"
        ViewAttribute="LastName"
        Operator="="
        Conjunction="OR"
        Value=":b_Lname"
        IsBindVarValue="true"
        Required="Optional"/>
      <ViewCriteriaItem
        Name="Email"
        ViewAttribute="Email"
        Operator="="
        Conjunction="OR"
        Value=":b_Email"
        IsBindVarValue="true"
        Required="Optional"/>
    </ViewCriteriaRow>
  </ViewCriteria>
  <ViewLinkAccessor
    Name="EmployeesView"
    ViewLink="model.EmpManagerFkLink"
    Type="oracle.jbo.RowIterator"
    IsUpdateable="false"/>
</ViewObject>
