<?xml version="1.0" encoding="windows-1252" ?>
<!DOCTYPE ViewLink SYSTEM "jbo_03_01.dtd">
<!---->
<ViewLink
  xmlns="http://xmlns.oracle.com/bc4j"
  Name="EmpDeptFkLink"
  Version="11.1.1.62.29"
  InheritPersonalization="true"
  EntityAssociation="model.EmpDeptFkAssoc">
  <DesignTime>
    <Attr Name="_isCodegen" Value="true"/>
  </DesignTime>
  <ViewLinkDefEnd
    Name="DepartmentsView"
    Cardinality="1"
    Owner="model.DepartmentsView"
    Source="true">
    <DesignTime>
      <Attr Name="_finderName" Value="DepartmentsView"/>
      <Attr Name="_isUpdateable" Value="true"/>
    </DesignTime>
    <AttrArray Name="Attributes">
      <Item Value="model.DepartmentsView.DepartmentId"/>
    </AttrArray>
  </ViewLinkDefEnd>
  <ViewLinkDefEnd
    Name="EmployeesView"
    Cardinality="-1"
    Owner="model.EmployeesView">
    <DesignTime>
      <Attr Name="_finderName" Value="EmployeesView"/>
      <Attr Name="_isUpdateable" Value="true"/>
    </DesignTime>
    <AttrArray Name="Attributes">
      <Item Value="model.EmployeesView.DepartmentId"/>
    </AttrArray>
  </ViewLinkDefEnd>
</ViewLink>
