<?xml version="1.0" encoding="windows-1252"?>
<faces-config version="1.2" xmlns="http://java.sun.com/xml/ns/javaee">
  <application>
    <default-render-kit-id>oracle.adf.rich</default-render-kit-id>
    <resource-bundle>
      <base-name>view.ViewControllerBundle</base-name>
      <var>ViewControllerBundle</var>
    </resource-bundle>
    <locale-config>
      <default-locale>en</default-locale>
      <supported-locale>en</supported-locale>
      <supported-locale>ar</supported-locale>
      <supported-locale>te</supported-locale>
      <supported-locale>hi</supported-locale>
    </locale-config>
  </application>
</faces-config>