<?xml version="1.0" encoding="windows-1252" ?>
<!DOCTYPE Association SYSTEM "jbo_03_01.dtd">
<!---->
<Association
  xmlns="http://xmlns.oracle.com/bc4j"
  Name="EmpDeptFkAssoc"
  Version="11.1.1.62.29"
  InheritPersonalization="true">
  <DesignTime>
    <Attr Name="_isCodegen" Value="true"/>
  </DesignTime>
  <AssociationEnd
    Name="Departments1"
    Cardinality="1"
    Source="true"
    Owner="model.Departments">
    <DesignTime>
      <Attr Name="_aggregation" Value="0"/>
      <Attr Name="_finderName" Value="Departments1"/>
      <Attr Name="_foreignKey" Value="model.Departments.DeptIdPk"/>
      <Attr Name="_isUpdateable" Value="true"/>
    </DesignTime>
    <AttrArray Name="Attributes">
      <Item Value="model.Departments.DepartmentId"/>
    </AttrArray>
  </AssociationEnd>
  <AssociationEnd
    Name="Employees1"
    Cardinality="-1"
    Owner="model.Employees">
    <DesignTime>
      <Attr Name="_aggregation" Value="0"/>
      <Attr Name="_finderName" Value="Employees1"/>
      <Attr Name="_foreignKey" Value="model.Employees.EmpDeptFk"/>
      <Attr Name="_isUpdateable" Value="true"/>
    </DesignTime>
    <AttrArray Name="Attributes">
      <Item Value="model.Employees.DepartmentId"/>
    </AttrArray>
  </AssociationEnd>
</Association>
