<?xml version="1.0" encoding="windows-1252" ?>
<adfc-config xmlns="http://xmlns.oracle.com/adf/controller" version="1.2">
  <managed-bean id="__1">
    <managed-bean-name>sendSmsBean</managed-bean-name>
    <managed-bean-class>view.bean.SendSmsBean</managed-bean-class>
    <managed-bean-scope>pageFlow</managed-bean-scope>
  </managed-bean>
  <managed-bean id="__2">
    <managed-bean-name>sendEmailBean</managed-bean-name>
    <managed-bean-class>view.bean.SendEmailBean</managed-bean-class>
    <managed-bean-scope>pageFlow</managed-bean-scope>
  </managed-bean>
</adfc-config>
