<?xml version="1.0" encoding="UTF-8" ?>
<!DOCTYPE Association SYSTEM "jbo_03_01.dtd">
<!---->
<Association
  xmlns="http://xmlns.oracle.com/bc4j"
  Name="CountrRegFkAssoc"
  Version="11.1.1.62.29"
  InheritPersonalization="true">
  <DesignTime>
    <Attr Name="_isCodegen" Value="true"/>
  </DesignTime>
  <AssociationEnd
    Name="Regions"
    Cardinality="1"
    Source="true"
    Owner="model.Regions">
    <DesignTime>
      <Attr Name="_aggregation" Value="0"/>
      <Attr Name="_finderName" Value="Regions"/>
      <Attr Name="_foreignKey" Value="model.Regions.RegIdPk"/>
      <Attr Name="_isUpdateable" Value="true"/>
    </DesignTime>
    <AttrArray Name="Attributes">
      <Item Value="model.Regions.RegionId"/>
    </AttrArray>
  </AssociationEnd>
  <AssociationEnd
    Name="Countries"
    Cardinality="-1"
    Owner="model.Countries">
    <DesignTime>
      <Attr Name="_aggregation" Value="0"/>
      <Attr Name="_finderName" Value="Countries"/>
      <Attr Name="_foreignKey" Value="model.Countries.CountrRegFk"/>
      <Attr Name="_isUpdateable" Value="true"/>
    </DesignTime>
    <AttrArray Name="Attributes">
      <Item Value="model.Countries.RegionId"/>
    </AttrArray>
  </AssociationEnd>
</Association>
