<?xml version="1.0" encoding="UTF-8" ?>
<!DOCTYPE ViewLink SYSTEM "jbo_03_01.dtd">
<!---->
<ViewLink
  xmlns="http://xmlns.oracle.com/bc4j"
  Name="CountrRegFkLink"
  Version="11.1.1.62.29"
  InheritPersonalization="true"
  EntityAssociation="model.CountrRegFkAssoc">
  <DesignTime>
    <Attr Name="_isCodegen" Value="true"/>
  </DesignTime>
  <ViewLinkDefEnd
    Name="RegionsView"
    Cardinality="1"
    Owner="model.RegionsView"
    Source="true">
    <DesignTime>
      <Attr Name="_finderName" Value="RegionsView"/>
      <Attr Name="_isUpdateable" Value="true"/>
    </DesignTime>
    <AttrArray Name="Attributes">
      <Item Value="model.RegionsView.RegionId"/>
    </AttrArray>
  </ViewLinkDefEnd>
  <ViewLinkDefEnd
    Name="CountriesView"
    Cardinality="-1"
    Owner="model.CountriesView">
    <DesignTime>
      <Attr Name="_finderName" Value="CountriesView"/>
      <Attr Name="_isUpdateable" Value="true"/>
    </DesignTime>
    <AttrArray Name="Attributes">
      <Item Value="model.CountriesView.RegionId"/>
    </AttrArray>
  </ViewLinkDefEnd>
</ViewLink>
