<?xml version="1.0" encoding="UTF-8" ?>
<!DOCTYPE ViewLink SYSTEM "jbo_03_01.dtd">
<!---->
<ViewLink
  xmlns="http://xmlns.oracle.com/bc4j"
  Name="LocCIdFkLink"
  Version="11.1.1.62.29"
  InheritPersonalization="true"
  EntityAssociation="model.LocCIdFkAssoc">
  <DesignTime>
    <Attr Name="_isCodegen" Value="true"/>
  </DesignTime>
  <ViewLinkDefEnd
    Name="CountriesView"
    Cardinality="1"
    Owner="model.CountriesView"
    Source="true">
    <DesignTime>
      <Attr Name="_finderName" Value="CountriesView"/>
      <Attr Name="_isUpdateable" Value="true"/>
    </DesignTime>
    <AttrArray Name="Attributes">
      <Item Value="model.CountriesView.CountryId"/>
    </AttrArray>
  </ViewLinkDefEnd>
  <ViewLinkDefEnd
    Name="LocationsView"
    Cardinality="-1"
    Owner="model.LocationsView">
    <DesignTime>
      <Attr Name="_finderName" Value="LocationsView"/>
      <Attr Name="_isUpdateable" Value="true"/>
    </DesignTime>
    <AttrArray Name="Attributes">
      <Item Value="model.LocationsView.CountryId"/>
    </AttrArray>
  </ViewLinkDefEnd>
</ViewLink>
