<?xml version="1.0" encoding="windows-1252" ?>
<adfc-config xmlns="http://xmlns.oracle.com/adf/controller" version="1.2">
  <managed-bean id="__3">
    <managed-bean-name id="__1">myBean</managed-bean-name>
    <managed-bean-class id="__2">view.Bean.myBean</managed-bean-class>
    <managed-bean-scope id="__4">request</managed-bean-scope>
  </managed-bean>
  <managed-bean id="__8">
    <managed-bean-name id="__7">CountryBean</managed-bean-name>
    <managed-bean-class id="__5">view.Bean.CountryBean</managed-bean-class>
    <managed-bean-scope id="__6">request</managed-bean-scope>
  </managed-bean>
  <managed-bean id="__9">
    <managed-bean-name id="__12">downloadBean</managed-bean-name>
    <managed-bean-class id="__11">view.Bean.downloadBlobFile</managed-bean-class>
    <managed-bean-scope id="__10">request</managed-bean-scope>
  </managed-bean>
</adfc-config>
