<?xml version="1.0" encoding="UTF-8" ?>
<!DOCTYPE Entity SYSTEM "jbo_03_01.dtd">
<!---->
<Entity
  xmlns="http://xmlns.oracle.com/bc4j"
  Name="FileUpDnEO"
  Version="11.1.1.62.29"
  InheritPersonalization="true"
  DBObjectType="table"
  DBObjectName="FILE_UP_DN"
  AliasName="FileUpDnEO"
  BindingStyle="OracleName"
  UseGlueCode="false">
  <DesignTime>
    <Attr Name="_codeGenFlag2" Value="Access"/>
    <AttrArray Name="_publishEvents"/>
  </DesignTime>
  <Attribute
    Name="FileName"
    Precision="50"
    ColumnName="FILE_NAME"
    SQLType="VARCHAR"
    Type="java.lang.String"
    ColumnType="VARCHAR2"
    TableName="FILE_UP_DN">
    <DesignTime>
      <Attr Name="_DisplaySize" Value="50"/>
    </DesignTime>
  </Attribute>
  <Attribute
    Name="Path"
    Precision="100"
    ColumnName="PATH"
    SQLType="VARCHAR"
    Type="java.lang.String"
    ColumnType="VARCHAR2"
    TableName="FILE_UP_DN">
    <DesignTime>
      <Attr Name="_DisplaySize" Value="100"/>
    </DesignTime>
  </Attribute>
  <Attribute
    Name="ContentType"
    Precision="500"
    ColumnName="CONTENT_TYPE"
    SQLType="VARCHAR"
    Type="java.lang.String"
    ColumnType="VARCHAR2"
    TableName="FILE_UP_DN">
    <DesignTime>
      <Attr Name="_DisplaySize" Value="500"/>
    </DesignTime>
  </Attribute>
  <Attribute
    Name="RowID"
    IsUpdateable="false"
    ColumnName="ROWID"
    SQLType="ROWID"
    Type="oracle.jbo.domain.RowID"
    ColumnType="ROWID"
    TableName="FILE_UP_DN"
    PrimaryKey="true"/>
</Entity>
