<?xml version="1.0" encoding="UTF-8" ?>
<adfc-config xmlns="http://xmlns.oracle.com/adf/controller" version="1.2">
  <task-flow-definition id="TF1">
    <default-activity id="__1">view1</default-activity>
    <data-control-scope id="__13">
      <shared/>
    </data-control-scope>
    <view id="view1">
      <page>/view1.jsff</page>
    </view>
    <method-call id="CreateInsert">
      <method>#{bindings.CreateInsert.execute}</method>
      <outcome id="__2">
        <fixed-outcome>CreateInsert</fixed-outcome>
      </outcome>
    </method-call>
    <view id="view2">
      <page>/view2.jsff</page>
    </view>
    <task-flow-call id="TF2">
      <task-flow-reference>
        <document>/WEB-INF/TF2.xml</document>
        <id>TF2</id>
      </task-flow-reference>
    </task-flow-call>
    <control-flow-rule id="__3">
      <from-activity-id id="__4">view1</from-activity-id>
      <control-flow-case id="__6">
        <from-outcome id="__7">new</from-outcome>
        <to-activity-id id="__5">CreateInsert</to-activity-id>
      </control-flow-case>
    </control-flow-rule>
    <control-flow-rule id="__8">
      <from-activity-id id="__9">CreateInsert</from-activity-id>
      <control-flow-case id="__10">
        <from-outcome id="__12">CreateInsert</from-outcome>
        <to-activity-id id="__11">view2</to-activity-id>
      </control-flow-case>
    </control-flow-rule>
    <control-flow-rule id="__14">
      <from-activity-id id="__15">view2</from-activity-id>
      <control-flow-case id="__16">
        <from-outcome id="__18">faskFlow</from-outcome>
        <to-activity-id id="__17">TF2</to-activity-id>
      </control-flow-case>
      <control-flow-case id="__20">
        <from-outcome id="__21">back</from-outcome>
        <to-activity-id id="__19">view1</to-activity-id>
      </control-flow-case>
    </control-flow-rule>
    <use-page-fragments/>
  </task-flow-definition>
</adfc-config>
