<?xml version="1.0" encoding="UTF-8" ?>
<adfc-config xmlns="http://xmlns.oracle.com/adf/controller" version="1.2">
  <task-flow-definition id="TF2">
    <default-activity id="__1">view3</default-activity>
    <data-control-scope id="__20">
      <shared/>
    </data-control-scope>
    <view id="view3">
      <page>/view3.jsff</page>
    </view>
    <task-flow-return id="save">
      <outcome id="__2">
        <name>save</name>
      </outcome>
    </task-flow-return>
    <view id="view4">
      <page>/view4.jsff</page>
    </view>
    <task-flow-return id="cancel">
      <outcome id="__16">
        <name>cancel</name>
      </outcome>
    </task-flow-return>
    <control-flow-rule id="__3">
      <from-activity-id id="__4">view3</from-activity-id>
      <control-flow-case id="__6">
        <from-outcome id="__7">edit</from-outcome>
        <to-activity-id id="__5">view4</to-activity-id>
      </control-flow-case>
    </control-flow-rule>
    <control-flow-rule id="__8">
      <from-activity-id id="__9">view4</from-activity-id>
      <control-flow-case id="__10">
        <from-outcome id="__12">back</from-outcome>
        <to-activity-id id="__11">view3</to-activity-id>
      </control-flow-case>
      <control-flow-case id="__13">
        <from-outcome id="__15">save</from-outcome>
        <to-activity-id id="__14">save</to-activity-id>
      </control-flow-case>
      <control-flow-case id="__18">
        <from-outcome id="__19">cancel</from-outcome>
        <to-activity-id id="__17">cancel</to-activity-id>
      </control-flow-case>
    </control-flow-rule>
    <use-page-fragments/>
  </task-flow-definition>
</adfc-config>
