<?xml version="1.0" encoding="windows-1252" ?>
<adfc-config xmlns="http://xmlns.oracle.com/adf/controller" version="1.2">
  <task-flow-definition id="TestingErrorTF">
    <default-activity id="__1">FirstPage</default-activity>
    <managed-bean id="__24">
      <managed-bean-name id="__23">ExceptionBean</managed-bean-name>
      <managed-bean-class id="__21">view.bean.ExceptionBean</managed-bean-class>
      <managed-bean-scope id="__22">request</managed-bean-scope>
    </managed-bean>
    <exception-handler id="__26">ErrorPage</exception-handler>
    <view id="FirstPage">
      <page>/FirstPage.jsff</page>
    </view>
    <view id="NextPage">
      <page>/NextPage.jsff</page>
    </view>
    <view id="ErrorPage">
      <page>/ErrorPage.jsff</page>
    </view>
    <method-call id="throwexception">
      <method>#{bindings.throwexception.execute}</method>
      <outcome id="__17">
        <fixed-outcome>throwexception</fixed-outcome>
      </outcome>
    </method-call>
    <control-flow-rule id="__2">
      <from-activity-id id="__3">FirstPage</from-activity-id>
      <control-flow-case id="__5">
        <from-outcome id="__6">next</from-outcome>
        <to-activity-id id="__4">NextPage</to-activity-id>
      </control-flow-case>
      <control-flow-case id="__18">
        <from-outcome id="__20">exception</from-outcome>
        <to-activity-id id="__19">throwexception</to-activity-id>
      </control-flow-case>
    </control-flow-rule>
    <control-flow-rule id="__7">
      <from-activity-id id="__8">NextPage</from-activity-id>
      <control-flow-case id="__10">
        <from-outcome id="__11">first</from-outcome>
        <to-activity-id id="__9">FirstPage</to-activity-id>
      </control-flow-case>
    </control-flow-rule>
    <control-flow-rule id="__12">
      <from-activity-id id="__13">ErrorPage</from-activity-id>
      <control-flow-case id="__14">
        <from-outcome id="__16">Home</from-outcome>
        <to-activity-id id="__15">FirstPage</to-activity-id>
      </control-flow-case>
    </control-flow-rule>
    <use-page-fragments/>
  </task-flow-definition>
</adfc-config>
