<?xml version="1.0" encoding="UTF-8" ?>
<!DOCTYPE ViewLink SYSTEM "jbo_03_01.dtd">
<!---->
<ViewLink
  xmlns="http://xmlns.oracle.com/bc4j"
  Name="DeptMgrFkLink"
  Version="11.1.1.62.29"
  InheritPersonalization="true"
  EntityAssociation="model.DeptMgrFkAssoc">
  <DesignTime>
    <Attr Name="_isCodegen" Value="true"/>
  </DesignTime>
  <ViewLinkDefEnd
    Name="EmployeesView1_1"
    Cardinality="1"
    Owner="model.EmployeesView"
    Source="true">
    <DesignTime>
      <Attr Name="_finderName" Value="EmployeesView1"/>
      <Attr Name="_isUpdateable" Value="true"/>
    </DesignTime>
    <AttrArray Name="Attributes">
      <Item Value="model.EmployeesView.EmployeeId"/>
    </AttrArray>
  </ViewLinkDefEnd>
  <ViewLinkDefEnd
    Name="DepartmentsView"
    Cardinality="-1"
    Owner="model.DepartmentsView">
    <DesignTime>
      <Attr Name="_finderName" Value="DepartmentsView"/>
      <Attr Name="_isUpdateable" Value="true"/>
    </DesignTime>
    <AttrArray Name="Attributes">
      <Item Value="model.DepartmentsView.ManagerId"/>
    </AttrArray>
  </ViewLinkDefEnd>
</ViewLink>
