<?xml version="1.0" encoding="UTF-8" ?>
<adfc-config xmlns="http://xmlns.oracle.com/adf/controller" version="1.2">
  <view id="view1">
    <page>/view1.jspx</page>
  </view>
  <view id="view2">
    <page>/view2.jspx</page>
  </view>
  <control-flow-rule id="__1">
    <from-activity-id id="__2">view1</from-activity-id>
    <control-flow-case id="__4">
      <from-outcome id="__5">go</from-outcome>
      <to-activity-id id="__3">view2</to-activity-id>
    </control-flow-case>
  </control-flow-rule>
  <control-flow-rule id="__6">
    <from-activity-id id="__7">view2</from-activity-id>
    <control-flow-case id="__9">
      <from-outcome id="__10">back</from-outcome>
      <to-activity-id id="__8">view1</to-activity-id>
    </control-flow-case>
  </control-flow-rule>
</adfc-config>
