<?xml version="1.0" encoding="UTF-8" ?>
<adfc-config xmlns="http://xmlns.oracle.com/adf/controller" version="1.2">
  <task-flow-definition id="fileUploadDownloadTF">
    <default-activity id="__1">fileUp_Dwn</default-activity>
    <managed-bean id="__5">
      <managed-bean-name id="__4">myBean</managed-bean-name>
      <managed-bean-class id="__3">view.bean.myBean</managed-bean-class>
      <managed-bean-scope id="__2">request</managed-bean-scope>
    </managed-bean>
    <view id="fileUp_Dwn">
      <page>/file_Upload_DownloadView.jsff</page>
    </view>
    <use-page-fragments/>
  </task-flow-definition>
</adfc-config>
