<?xml version="1.0" encoding="windows-1252" ?>
<!DOCTYPE Entity SYSTEM "jbo_03_01.dtd">
<!---->
<Entity
  xmlns="http://xmlns.oracle.com/bc4j"
  Name="TestSequence"
  Version="11.1.1.62.29"
  InheritPersonalization="true"
  DBObjectType="table"
  DBObjectName="TEST_SEQUENCE"
  AliasName="TestSequence"
  BindingStyle="OracleName"
  UseGlueCode="false"
  RowClass="model.TestSequenceImpl">
  <DesignTime>
    <Attr Name="_codeGenFlag2" Value="Init|Delete|Access|DML"/>
    <AttrArray Name="_publishEvents"/>
    <Attr Name="_isCodegen" Value="true"/>
  </DesignTime>
  <Attribute
    Name="Sequence"
    IsNotNull="true"
    ColumnName="SEQUENCE"
    SQLType="NUMERIC"
    Type="oracle.jbo.domain.Number"
    ColumnType="NUMBER"
    TableName="TEST_SEQUENCE"
    PrimaryKey="true">
    <DesignTime>
      <Attr Name="_DisplaySize" Value="39"/>
    </DesignTime>
  </Attribute>
  <Attribute
    Name="Entry1"
    Precision="20"
    ColumnName="ENTRY_1"
    SQLType="VARCHAR"
    Type="java.lang.String"
    ColumnType="VARCHAR2"
    TableName="TEST_SEQUENCE">
    <DesignTime>
      <Attr Name="_DisplaySize" Value="20"/>
    </DesignTime>
  </Attribute>
  <Key
    Name="SysC008194">
    <DesignTime>
      <Attr Name="_DBObjectName" Value="SYS_C008194"/>
      <Attr Name="_checkCondition" Value='"SEQUENCE" IS NOT NULL'/>
      <Attr Name="_isCheck" Value="true"/>
    </DesignTime>
    <AttrArray Name="Attributes">
      <Item Value="model.TestSequence.Sequence"/>
    </AttrArray>
  </Key>
  <Key
    Name="TestSequencePk"
    PrimaryKey="true">
    <DesignTime>
      <Attr Name="_DBObjectName" Value="TEST_SEQUENCE_PK"/>
    </DesignTime>
    <AttrArray Name="Attributes">
      <Item Value="model.TestSequence.Sequence"/>
    </AttrArray>
  </Key>
</Entity>
